DELETE
FROM major;
INSERT INTO major (major_id, major)
VALUES (1, '전자정보통신공학과');

DELETE
FROM course;
INSERT INTO course (course_id, name, credit)
VALUES (11614, '세종인을위한진로설계', 1),
       (9045, '창업과기업가정신1', 1),
       (9067, '문제해결을위한글쓰기와발표', 3),
       (9068, '서양철학:쟁점과토론', 3),
       (9352, '사고와표현1', 3),
       (9353, '사고와표현2', 3),
       (9354, '한국의언어와문화1', 3),
       (9355, '한국의언어와문화2', 3),
       (9356, '한국전통문화의이해', 3),
       (9357, '서양철학의이해', 3),
       (10352, 'English Listening Practice 1', 2),
       (10354, 'English Reading Practice 1', 2),
       (11238, '우주자연인간', 1),
       (11304, '대학영어', 2),
       (6937, '한국현대사', 3),
       (11305, '동서양의사상과윤리', 3),
       (11306, '성서와기독교', 3),
       (11307, '세계사', 3),
       (11308, '생명과학의이해', 3),
       (11309, '수의세계', 3),
       (11310, '지구환경과기후변화', 3),
       (11311, '현대과학으로의초대', 3),
       (11312, '경영학', 3),
       (11313, '경제학', 3),
       (11314, '미디어빅뱅과방송', 3),
       (11315, '현대사회와법', 3),
       (11316, '융합예술의이해', 3),
       (11317, '컴퓨터게임과메타버스', 3),
       (11318, '한국의문화와한류', 3),
       (11319, '현대예술의이해', 3),
       (1357, '미적분학1', 3),
       (1362, '미적분학2', 3),
       (2638, '일반물리학1', 3),
       (2705, '일반화학1', 3),
       (11297, '컴퓨터사고기반기초코딩', 3),
       (11298, 'SW기초코딩', 3),
       (11300, '고급프로그래밍활용', 3),
       (11526, '사회과학수학', 3),
       (4489, '한국의전통과문화', 3),
       (4558, '채플1', 0),
       (4777, '채플3', 0),
       (6270, '동양의철학사상', 3),
       (6279, '정보사회의사이버윤리', 3),
       (7210, '역사와한국의영토', 3),
       (7343, '신화와예술', 3),
       (7731, '철학과인간이해', 3),
       (8882, '동서양의윤리', 3),
       (8913, '동양고전강독1', 1),
       (8914, '서양고전강독1', 1),
       (8936, '정치경제학의이해', 3),
       (9031, '한국현대사의이해', 3),
       (9033, '독서토론', 2),
       (9057, '서양고전강독3', 1),
       (9489, '세계사:인간과문명', 3),
       (9738, '서양종교의이해', 3),
       (9740, '동양의철학사상-노장과불교', 3),
       (9775, '동양종교의이해', 3),
       (9780, '고전특강', 1),
       (9938, '동서양고전문학강독', 1),
       (10357, '수요집현강좌', 1),
       (10359, 'SHP고전강좌:Reading Intellectus 1', 3),
       (10530, 'SHP고전강좌:Writing Intellectus 1', 3),
       (10652, 'SHP고전강좌:Building Intellectus 1', 3),
       (11878, '역사속의기독교', 3),
       (2074, '여성학', 3),
       (5991, '스피치커뮤니케이션', 3),
       (6422, '성과문화', 2),
       (7345, '미술심리치료', 3),
       (7565, '우리차문화의이해', 2),
       (7779, '현대인의정신건강과자기발견', 2),
       (8300, '쟁점으로이해하는북한사회', 3),
       (8884, '국가와정체성', 3),
       (8887, '언어와문명', 3),
       (9251, '중급미술심리치료', 3),
       (9252, '영상스토리텔링', 3),
       (9739, '복지국가의이해', 3),
       (9778, '경영학의이해', 3),
       (9785, '공간마케팅', 3),
       (10356, '대학생을위한실용금융', 2),
       (10358, '행복한가정만들기', 3),
       (10407, '시사로보는경제이야기', 3),
       (10412, 'K-MOOC:콘텐츠산업의비즈니스전략', 3),
       (11257, '시사미디어한국어', 3),
       (11410, '민속담화를통한다문화의이해', 3),
       (3129, '지구과학개론', 3),
       (4763, '과학사', 3),
       (4921, '미생물의세계', 3),
       (5106, '생명의미시적세계', 3),
       (5541, '식물의세계', 3),
       (8885, '과학기술과사회', 3),
       (8890, '천문학의세계', 3),
       (8966, '꽃의세계', 3),
       (9936, 'Technical Writing기초', 2),
       (10361, '먹고즐기는자연', 3),
       (10363, '곤충의새로운가치', 3),
       (10542, 'K-MOOC:일반인을위한물리코딩', 1),
       (10543, 'K-MOOC:코딩과스토리텔링', 1),
       (10668, '자연지리학의이해', 3),
       (11416, '생활속의물리', 3),
       (11616, '향과학의이해', 3),
       (11617, '화학의세계', 3),
       (11845, '공학기술사', 3),
       (12059, '생활속의수학', 3),
       (12061, '물리학입문', 3),
       (12062, '통계학입문', 3),
       (12063, '미적분학입문', 3),
       (6214, '일본어1', 3),
       (6844, 'Intensive English', 3),
       (7207, '기초중국어1', 3),
       (7208, '기초중국어2', 3),
       (7214, '글로벌잉글리쉬1', 2),
       (7321, '생활일본어', 3),
       (7338, '중국의정치경제와사회', 3),
       (7401, '영어발음연습', 3),
       (7503, '영어읽기연습', 1),
       (7504, '영어듣기연습', 1),
       (8894, '세계화와글로벌거버넌스', 3),
       (8895, 'EU의정치경제와사회', 3),
       (8898, '영어로하는프리젠테이션', 3),
       (9048, '글로벌잉글리쉬1(심화)', 1),
       (9073, 'English Speaking Strategies(TS) 1', 2),
       (9259, 'K-Pop Music 1', 3),
       (9265, 'K-Pop Dance 1', 3),
       (9345, 'English Speaking Strategies(O) 1', 2),
       (9981, 'English Listening', 2),
       (9982, 'English Reading', 2),
       (10353, 'English Listening Practice 2', 2),
       (10531, '세계시민정신', 3),
       (10532, '아시아공동체의이해', 2),
       (11413, '대학한국어글쓰기', 3),
       (11613, 'English Speaking Strategies(IS) 1', 2),
       (11615, '지속가능발전목표(SDGs)의이해와실천', 3),
       (5565, '스쿼시', 1),
       (6425, '스포츠와대중매체', 2),
       (6709, '운동과다이어트', 2),
       (6711, '건강과삶', 2),
       (7369, '발레의이해와감상', 3),
       (9061, '웰빙레저스포츠', 2),
       (9453, '보컬트레이닝', 3),
       (9937, '공간과인간:인문,예술,공학의융합', 3),
       (10410, 'K-MOOC:웨어러블컴퓨터디자인', 1),
       (11093, '골프', 1),
       (11324, 'K-MOOC:인공지능콘텐츠아트프로듀싱', 1),
       (7221, '진로설정과자기계발', 2),
       (8364, '세종사회봉사1', 1),
       (8365, '세종사회봉사2', 1),
       (9035, '창업의이론과실제', 3),
       (9046, '글로벌잉글리쉬1(진로탐색)', 2),
       (10651, '진로오딧세이', 1),
       (12056, '새잎창의세미나', 3),
       (12072, '애지헌채플', 2),
       (501321, '이민정책론', 3),
       (501328, '알기쉬운코딩', 3),
       (501352, '인류의문명과무기', 3),
       (501356, '그림속오페라', 3),
       (501358, '진짜뉴스를찾아라!미디어·AI리터러시', 3),
       (501361, '셀프코칭과리더십', 3),
       (10418, '자기주도창의전공Ⅰ', 3),
       (10419, '자기주도창의전공Ⅱ', 3),
       (10420, '자기주도창의전공Ⅲ', 3),
       (10421, '자기주도창의전공Ⅳ', 3),
       (486, '교육사회', 2),
       (7849, '교직소양을위한독서강좌1', 1),
       (8334, '교육봉사활동1', 1),
       (8336, '교육봉사활동3', 2),
       (12070, '디지털교육', 1),
       (11320, '인공지능과빅데이터', 3),
       (11322, '고급인공지능활용', 3),
       (7082, '취업과진로', 2),
       (525, '교육학개론', 2),
       (11183, '취창업과진로설계', 1),
       (3353, '통계학개론', 3),
       (464, '교육과정', 2),
       (520, '교육평가', 2),
       (8283, '교직실무', 1),
       (10653, '안보학', 2),
       (10083, '취업전략및사회진출', 2),
       (8276, '학교현장실습', 2),
       (8910, '생활지도및상담', 2),
       (10655, '조직리더십', 2),
       (4559, '한국문학의이해', 3),
       (10434, '의사소통교육론', 3),
       (588, '국어문법론', 3),
       (8355, '한국한문학의이해', 3),
       (4564, '한국현대소설론', 3),
       (8353, '한국문학의장르론', 3),
       (5329, '국어교육론', 3),
       (596, '국어의미론', 3),
       (7832, '국어교과교육론', 3),
       (8363, '시조가사론', 3),
       (8370, '독서교육론', 3),
       (8371, '한국문학과문화콘텐츠', 3),
       (10111, '졸업연구및진로1', 1),
       (8416, '일본사회의이해', 3),
       (9495, '중국어입문', 3),
       (11487, '언어이야기', 3),
       (11639, '초급일본어1', 3),
       (11745, '시장경제의원리', 3),
       (11778, '언어학과디지털휴머니티', 3),
       (5840, '영어속의논리', 3),
       (11783, '영어문법의이해와활용', 3),
       (7651, '영어듣기와말하기', 3),
       (8373, '영미작가이야기', 3),
       (7929, '영미소설의이해', 3),
       (7819, '영국사회와문학', 3),
       (7820, '영어음성음운론', 3),
       (7833, '영어교과교육론', 3),
       (8374, '문학과문화', 3),
       (7933, '현대영어학의흐름', 3),
       (10326, '언어과학', 3),
       (11946, '디지털일본학과AI리터러시', 3),
       (7909, '일본어문법', 3),
       (10373, '일본어작문', 3),
       (11638, '중급일본어', 3),
       (5068, '일본의무대예술', 3),
       (10379, '일본어학개론', 3),
       (6408, '일본어능력시험', 0),
       (8413, '현대일본과국제사회', 3),
       (9100, '일본사상사', 3),
       (9101, '일본언어문화론', 3),
       (10387, '거시경제의이해', 3),
       (10517, '동아시아근현대사', 3),
       (7689, '중급중국어1', 3),
       (9497, '중급중국어연습1', 3),
       (8758, '중국어능력시험', 0),
       (10518, '중한독해', 3),
       (7749, '중국경제론', 3),
       (8751, '중국정치사회론', 3),
       (10519, '중한회화연습1', 3),
       (11897, '중국의대외관계에대한머신러닝분석', 3),
       (7964, '실용중국어작문', 3),
       (10515, '한류와문화산업', 3),
       (10524, '한중기업경영론', 3),
       (4445, '인류의선사문화', 3),
       (11672, '역사와역사콘텐츠의이해', 3),
       (10253, '역사학개론', 3),
       (1646, '서양고대사', 3),
       (10252, '동아시아고대사', 3),
       (10804, '서양근세문화사', 3),
       (3518, '한국근세사', 3),
       (7835, '역사교과교육론', 3),
       (8321, '역사논리및논술', 3),
       (10255, '동아시아근세사', 3),
       (11900, 'AI디지털기반역사문화자원큐레이션', 3),
       (7746, '쟁점동양사', 3),
       (8418, '쟁점서양사', 3),
       (10258, '쟁점한국사', 3),
       (8734, '교육학의탐구', 3),
       (10808, '대학의이해', 3),
       (5071, '교육철학의이해', 3),
       (8737, '교육심리의이론과실제', 3),
       (451, '교수학습이론', 3),
       (3402, '평생교육론', 3),
       (7251, '인적자원개발론', 3),
       (7813, '원격교육론', 3),
       (7836, '교육학교과교육론', 3),
       (10548, '진로상담의이해와실제', 3),
       (6689, '학생상담의이론과실제', 3),
       (7395, '최신학습설계이론', 3),
       (7814, '교육평가론', 3),
       (7856, '평생교육실습', 3),
       (11679, '한국어회화연습', 3),
       (11681, '한국어청취연습', 3),
       (11688, '한국어학입문', 3),
       (11689, '한국학입문', 3),
       (11690, '한국어발음연습', 3),
       (11746, '동아시아근현대사', 3),
       (11747, '거시경제의이해', 3),
       (11715, 'Professional English', 3),
       (11716, 'Public Speech', 3),
       (11717, 'Comparative Culture', 3),
       (11723, 'Introduction to International Relations', 3),
       (11724, 'Understanding Globalization', 3),
       (11643, '융합사회의정부와행정', 3),
       (2527, '인사행정론', 3),
       (9908, '조직론1', 3),
       (3147, '지방행정론', 3),
       (11841, '행정통계분석(기초)', 3),
       (3000, '정책론', 3),
       (922, '도시행정론', 3),
       (7596, '전자정부론', 3),
       (7837, '일반사회교과교육론', 3),
       (11644, 'AI시대의행정철학과윤리', 3),
       (288, '공기업론', 3),
       (7183, '공법연습', 3),
       (8616, '정책분석평가론', 3),
       (11840, '복지정책론', 3),
       (4208, '인간커뮤니케이션', 3),
       (4659, '커뮤니케이션조사방법론', 3),
       (6691, '커뮤니케이션이론', 3),
       (7396, '정보리터러시', 3),
       (8427, '광고매체기획', 3),
       (10261, '커뮤니케이션통계실무', 3),
       (7404, '디지털미디어와사회', 3),
       (7407, '대중문화론', 3),
       (7519, '카피라이팅', 3),
       (10470, '디지털저널리즘', 3),
       (10471, 'PR론', 3),
       (11248, '스타인플루언서마케팅', 3),
       (7408, '미디어법제', 3),
       (10476, 'IMC전략과소비자', 3),
       (10477, '영상제작워크샵', 3),
       (8802, '법학입문', 3),
       (9600, '헌법1', 3),
       (9602, '민법총칙', 3),
       (9608, '형법총론', 3),
       (8711, '상행위법', 3),
       (9604, '채권총론', 3),
       (137, '경영학원론', 3),
       (398, '관리회계', 3),
       (2869, '재무관리', 3),
       (4008, '회계원리1', 3),
       (4076, '마케팅관리', 3),
       (5155, '경영통계학', 3),
       (4010, '회계원리2', 3),
       (9253, '경영과학', 3),
       (9277, '비즈니스커뮤니케이션1', 3),
       (2340, '원가회계', 3),
       (6799, '보험과리스크', 3),
       (6858, '서비스마케팅', 3),
       (7186, '인적자원관리', 3),
       (7187, '조직관리', 3),
       (7253, '기업윤리와사회적책임', 3),
       (7436, '마케팅커뮤니케이션', 3),
       (7986, '비지니스인텔리전스', 3),
       (7991, '서비스운영관리', 3),
       (8437, '채권분석', 3),
       (9255, '경영데이터관리', 3),
       (9872, '중급회계1', 3),
       (10391, '상업교과교육론', 3),
       (10495, '상업교수법', 3),
       (10615, '마케팅애널리틱스', 3),
       (11386, 'ESG경영', 3),
       (11935, '회계AI애널리틱스', 3),
       (3993, '회계감사', 3),
       (6698, '공급사슬관리', 3),
       (8486, '리더십', 3),
       (9258, '브랜드관리', 3),
       (10486, '금융위험관리', 3),
       (10492, '비즈니스애널리틱스', 3),
       (200, '경제학원론', 3),
       (1342, '미시경제학', 3),
       (7768, '경제수학', 3),
       (8419, '경제사', 3),
       (209, '계량경제학', 3),
       (659, '국제무역론', 3),
       (3498, '한국경제론', 3),
       (3954, '화폐금융론', 3),
       (7699, '공공경제학', 3),
       (194, '경제학세미나', 3),
       (830, '노동경제학', 3),
       (7379, '문화경제학', 3),
       (11618, 'Hospitality경영원론', 3),
       (3855, '호텔경영론', 3),
       (3998, '회계원리', 3),
       (9614, '호텔관광마케팅', 3),
       (362, '관광자원론', 3),
       (9888, '축제경영연구', 3),
       (11607, 'AI와호스피탈리티산업', 3),
       (11609, '호텔관광조직행동론', 3),
       (4074, '호텔관광재무관리', 3),
       (7439, '여가공간계획론', 3),
       (7509, '문화관광경영론', 3),
       (7839, '관광교과교육론', 3),
       (9632, '호텔관광e-business전략', 3),
       (9772, 'MICE산업론', 3),
       (10825, 'HTM 스마트의사결정체계', 3),
       (9901, '호텔관광연구방법론', 3),
       (9904, '호텔관광사례연구세미나', 3),
       (9905, '호텔관광기업가정신과리더쉽', 3),
       (10183, '호텔관광의사결정방법론', 3),
       (10184, '호텔관광데이터분석', 3),
       (10821, '호텔관광가격전략', 3),
       (4469, '조리원리', 3),
       (7385, '외식산업경영론', 3),
       (8453, '기초한국조리실습', 3),
       (11483, 'F&B영양과건강', 3),
       (11481, '외식서비스오퍼레이션', 3),
       (7312, '외국조리실습', 3),
       (9515, '외식경영통계', 3),
       (9765, '바리스타및음료실습2', 3),
       (11479, '주류개론및응용', 3),
       (10684, 'SFM 외식데이터분석', 3),
       (6463, '레스토랑경영론', 3),
       (10829, '외식경영과학', 3),
       (9113, '경영학원론', 3),
       (9114, '마케팅원론', 3),
       (9351, '관광산업의이해', 3),
       (9389, '호텔외식경영실무1', 3),
       (3093, '주류학', 3),
       (7445, '식음료원가관리', 3),
       (9397, '호텔외식경영실무3', 3),
       (11457, 'HRT디지털마케팅', 3),
       (11823, '온라인여행사경영론(OTA)', 3),
       (9118, 'HRT프랜차이즈시스템및경영론', 3),
       (9127, 'HRT소비자행동', 3),
       (9399, '호텔외식경영실무5', 3),
       (9401, '호텔외식경영실무7', 3),
       (10192, '음식관광기획론', 3),
       (10856, '호텔외식조리경영실무1', 3),
       (11811, '경영학이해', 3),
       (10194, '호텔연회기획과케이터링경영', 3),
       (10554, '고객커뮤니케이션전략', 3),
       (10858, '호텔외식조리경영실무3', 3),
       (11847, '식음료영양헬스케어', 3),
       (9393, '호텔외식마케팅', 3),
       (9406, '호텔외식인적자원관리', 3),
       (10161, '식품관련법규', 3),
       (10860, '호텔외식조리경영실무5', 3),
       (9405, '호텔외식마케팅조사론', 3),
       (9408, '호텔외식컨설팅', 3),
       (10862, '호텔외식조리경영실무7', 3),
       (1938, '식품재료학', 3),
       (10837, '조리기초실습', 3),
       (11791, '식품안전관리시스템(FSMS)', 3),
       (501229, '세계음식문화사', 3),
       (11536, '식재료구매유통관리론', 3),
       (501335, '고객커뮤니케이션전략', 3),
       (10844, 'K-Food&세계요리실습', 3),
       (10875, '메뉴기획과푸드플레이팅', 3),
       (9387, '호텔외식원가관리', 3),
       (10869, '카페베이커리실습', 3),
       (11631, '기초통계학', 3),
       (6646, '해석학개론1', 3),
       (7645, '선형대수학1', 3),
       (11464, '고급통계학', 3),
       (3064, '조합론', 3),
       (4299, '현대대수학1', 3),
       (2998, '정수론', 3),
       (4029, '회귀분석1', 3),
       (4081, '전산통계실습', 3),
       (4102, '수치해석', 3),
       (4302, '수리통계학1', 3),
       (10880, '기계학습', 3),
       (870, '다변량통계분석', 3),
       (2347, '위상수학1', 3),
       (6469, '범주형자료분석', 3),
       (6597, '보험수학', 3),
       (2095, '역학1', 3),
       (3677, '항성천문학', 3),
       (1776, '수리물리1', 3),
       (9700, '기초계산과학', 3),
       (10884, '현대물리학및실험', 3),
       (2035, '양자역학1', 3),
       (2977, '전자기학2', 3),
       (3182, '천체물리학', 3),
       (7740, '항성대기', 3),
       (10555, '고급계산과학', 3),
       (11435, '기초회로와센서실험', 3),
       (283, '고체물리학1', 3),
       (3335, '통계물리학', 3),
       (7741, '현대우주론', 3),
       (8044, '전파천문학', 3),
       (9138, '디스플레이광학', 3),
       (10886, '데이터분석기법', 3),
       (2712, '일반화학2', 3),
       (1476, '분석화학실험', 3),
       (2354, '유기화학1', 3),
       (2982, '정량분석화학', 3),
       (7793, '향장화학', 3),
       (8577, '화학을위한물리', 3),
       (1114, '무기화학', 3),
       (1283, '물리화학2', 3),
       (4461, '기기분석화학', 3),
       (6679, '전기화학', 3),
       (6970, '유기메카니즘', 3),
       (7840, '화학교과교육론', 3),
       (4462, '생화학', 3),
       (4309, '유기합성', 3),
       (4587, '고체화학', 3),
       (2351, '유기화학', 3),
       (4283, '일반미생물학및실험', 3),
       (1957, '식품화학1', 3),
       (7468, '식품공학', 3),
       (6591, '기능성식품학', 3),
       (7612, '향미화학및관능평가', 3),
       (9829, '식품가공학및실험(종합설계)', 3),
       (10196, '동물생명식품학', 3),
       (10200, '식품기기분석', 3),
       (10888, '식품위해미생물학및실험', 3),
       (7611, '식품분석및실험', 3),
       (8601, '식품효소공학', 3),
       (9827, '식품냉동학', 3),
       (11082, '향장식품소재공학', 3),
       (6847, '일반생물학1', 3),
       (4282, '생화학1', 3),
       (4281, '유기화학', 3),
       (8602, '일반생리학', 3),
       (5212, '세포생물학1', 3),
       (7818, '분자생물학1및실험', 3),
       (5103, '유전학', 3),
       (5622, '대사생화학', 3),
       (5643, '생명의약학', 3),
       (6920, '면역학2', 3),
       (9679, '응용균학', 3),
       (5211, '생물화학공학', 3),
       (8065, '줄기세포학', 3),
       (8604, '후성유전학', 3),
       (9326, '단백질공학', 3),
       (9687, '인지뇌과학', 3),
       (11975, '바이오메디컬AI', 3),
       (9697, '일반유전학', 3),
       (9855, '재배학및실습', 3),
       (5458, '생화학및실험', 3),
       (8960, '식물생리학및실험', 3),
       (5899, '식물병리학', 3),
       (8974, '생물정보학', 3),
       (8982, '유전체학개론', 3),
       (11440, '자원식물학', 3),
       (9681, '식물분자육종학및실험', 3),
       (6319, '식물스트레스생물학', 3),
       (8972, '종묘생산학', 3),
       (9672, '생체신호전달', 3),
       (9704, '약용식물학', 3),
       (11122, '분자세포생물학및실험1', 3),
       (11123, '식물생명과학및실습', 3),
       (11124, '수산생물학및실험', 3),
       (11130, '생명산업유전학', 3),
       (11952, '머신러닝기초및실습', 3),
       (11982, '기능성바이오소재탐색', 3),
       (11128, '종자생명산업과학및실습1', 3),
       (11135, '천연물화학및실험1', 3),
       (4702, '면역학', 3),
       (11134, '어류생리학', 3),
       (11137, '곤충병리및선천성면역학', 3),
       (9267, '빅데이터분석', 3),
       (4474, '통신이론', 3),
       (4600, '디지털신호처리', 3),
       (4699, '데이터통신', 3),
       (7453, '전자회로1', 3),
       (7806, '기초반도체', 3),
       (9649, '전자기1', 3),
       (4475, '자동제어', 3),
       (7235, '랜덤프로세스', 3),
       (8076, '기초광학및실험', 3),
       (2505, '인공지능', 3),
       (6558, '무선통신공학', 3),
       (6562, '초고주파공학', 3),
       (7585, '통신시스템설계', 3),
       (9654, '전자정보통신공학특강A', 3),
       (9655, '광통신공학', 3),
       (9661, '반도체공정실험', 3),
       (9662, '전자회로설계', 3),
       (9663, '멀티미디어설계', 3),
       (9666, '마이크로컴퓨터실험', 3),
       (9947, '캡스톤디자인A', 3),
       (11351, '반도체특화연구및실험2', 3),
       (6152, '전자기학', 3),
       (7722, '전자회로2', 3),
       (11358, '반도체소자공학', 3),
       (11359, '나노소재의합성및응용', 3),
       (11368, '시스템반도체설계', 3),
       (4310, '운영체제', 3),
       (3281, '컴퓨터그래픽스', 3),
       (7219, '데이터베이스', 3),
       (7313, '프로그래밍언어의개념', 3),
       (10881, '딥러닝', 3),
       (11921, '최신기술콜로키움1', 1),
       (9960, 'Capstone디자인(산학협력프로젝트)', 6),
       (6132, '영상처리', 3),
       (6135, '정보보호개론', 3),
       (6478, '무선통신', 3),
       (11771, 'K-MOOC:생성형인공지능입문', 3),
       (11924, '최신기술콜로키움3', 1),
       (11932, 'Human-AI Interaction', 3),
       (12001, '지능형엣지시스템', 3),
       (9520, '공개키암호론', 3),
       (9986, '운영체제및보안', 3),
       (11566, 'K-MOOC:데이터베이스보안', 3),
       (11971, 'K-MOOC:메모리익스플로잇:해킹과방어', 3),
       (11973, '정보보호연구입문', 3),
       (8662, '디지털포렌식', 3),
       (12008, 'AI기반악성코드분석', 3),
       (9957, '오픈소스SW개론', 3),
       (6476, '게임프로그래밍', 3),
       (11911, '연구실인턴쉽1', 3),
       (6208, '가상현실', 3),
       (10000, '기계학습', 3),
       (11904, '생성형AI', 3),
       (10563, '의사결정분석', 3),
       (10566, '시계열분석및예측', 3),
       (10237, 'AI로봇설계', 3),
       (10238, '딥러닝시스템', 3),
       (3284, '컴퓨터네트워크', 3),
       (4599, '통신시스템', 3),
       (10227, '컴퓨터구조및운영체제', 3),
       (11910, '스마트UX&UI디자인1', 3),
       (703, '그래픽디자인1', 3),
       (10329, '프로덕트&모빌리티디자인1', 3),
       (10333, '스마트프로덕트디자인1', 3),
       (10335, '3D그래픽어플리케이션', 3),
       (10336, '인포그래픽', 3),
       (5764, '졸업작품(P/NP)', 0),
       (5662, '아이덴티티디자인1', 3),
       (6641, '제품시스템디자인1', 3),
       (9214, '제품및운송기기디자인3', 3),
       (10343, '디지털미디어프로젝트1', 3),
       (12035, '제너레이티브디자인', 3),
       (11090, '디지털코믹스제작1', 3),
       (11191, '비주얼디벨롭먼트1', 3),
       (11088, '이펙트디자인1', 3),
       (11089, '디지털애니메이션디렉팅1', 3),
       (11187, '애니메이션워크숍1', 3),
       (11189, '3D제작도구고급1', 3),
       (10298, '애니메이션코어스튜디오1', 3),
       (10300, '웹툰커넥션프로덕션1', 3),
       (11092, '영상캡스톤디자인', 3),
       (11261, '딥러닝개론', 3),
       (11173, '자연어처리', 3),
       (11262, '인공지능과사이버보안', 3),
       (11181, '강화학습', 3),
       (4114, '전기회로', 3),
       (8622, '확률및랜덤변수', 3),
       (11678, '기초전자물리', 3),
       (307, '공업수학2', 3),
       (4268, '데이터구조론', 3),
       (5611, '디지털논리회로', 3),
       (8621, 'MATLAB프로그래밍', 3),
       (7330, '확률및통계', 3),
       (9912, 'C프로그래밍및실습', 3),
       (11345, '반도체개론', 3),
       (11346, '연구실인턴', 3),
       (11441, '기초물리전자공학', 3),
       (10571, '디지털회로설계', 3),
       (11347, '반도체재료공학', 3),
       (4118, '디지털시스템', 3),
       (9913, '고급C프로그래밍및실습', 3),
       (9952, '자료구조및실습', 3),
       (6237, '웹프로그래밍', 3),
       (9914, '공학설계기초(산학프로젝트입문)', 3),
       (9992, '문제해결및실습:C++', 3),
       (11251, 'K-MOOC:모두를위한머신러닝', 3),
       (5246, '신호및시스템', 3),
       (9173, '정보보호와보안의기초', 3),
       (9955, '이산수학및프로그래밍', 3),
       (5619, '멀티미디어프로그래밍', 3),
       (10206, '일반물리및시뮬레이션', 3),
       (11259, '기계학습개론', 3),
       (11321, '인공지능활용', 3),
       (10224, '창의SW기초설계', 3),
       (11488, '자료구조및실습', 3),
       (4642, '동역학', 3),
       (4864, '메카트로닉스', 3),
       (11428, 'AI로봇프로그래밍', 3),
       (5119, '만화기초1', 3),
       (8785, '애니메이션기초1', 3),
       (10306, '2D디자인', 3),
       (10307, '3D디자인', 3),
       (3313, '타이포그래피', 2),
       (6225, '기초렌더링', 3),
       (10310, '프로덕트디자인2', 3),
       (10312, '비주얼커뮤니케이션디자인2', 3),
       (10314, '디자인인모션1', 3),
       (8790, '콘텐츠기획1', 3),
       (8792, '만화제작1', 3),
       (10279, '내러티브워크숍', 3),
       (10281, '애니메이션액팅1', 3),
       (10580, '3D제작도구1', 3),
       (11185, '프리비즈워크숍1', 3),
       (304, '공업수학1', 3),
       (11277, '건축기초설계', 3),
       (6153, '건축구조시스템', 3),
       (6154, '건축환경개론', 3),
       (11276, '건축공학개론', 3),
       (4321, '구조역학2', 3),
       (7663, '건축환경설계', 3),
       (8180, '건설관리및경영', 3),
       (4431, '건축일반구조', 3),
       (6479, '건축기계설비시스템', 3),
       (7662, '철근콘크리트공학', 3),
       (12037, '건축공학AI', 3),
       (7812, '공학설계A', 3),
       (4704, '철골구조', 3),
       (6574, '건축전기설비시스템', 3),
       (6932, '건축실무', 3),
       (8182, '구조계획및설계', 3),
       (6930, '스튜디오7', 6),
       (7177, '공간과사회', 3),
       (6157, '스튜디오1', 6),
       (6776, '건축디지털디자인1', 3),
       (11280, '표현과매체', 3),
       (11525, '건축디자인', 3),
       (6481, '스튜디오3', 6),
       (7828, '건축시공및관리', 3),
       (11286, '현대건축사', 3),
       (11283, '디지털패브리케이션', 3),
       (6577, '건축법제도', 3),
       (6663, '스튜디오5', 6),
       (8642, '프로젝트관리론', 3),
       (6765, '도시계획', 3),
       (10273, '건축구조역학', 3),
       (4280, '응용역학및연습1', 3),
       (4674, '환경공학및실험', 3),
       (10657, '유체역학및연습', 3),
       (7153, '기초창의설계', 3),
       (10589, '콘크리트공학', 3),
       (10590, '구조공학', 3),
       (4852, '측량학', 3),
       (10591, '재해방지공학', 3),
       (10593, '강구조공학', 3),
       (11426, '스마트수처리시스템공학', 3),
       (4710, '해안및항만공학', 3),
       (4898, '내진설계', 3),
       (5222, '도로공학', 3),
       (10598, '건설CAD', 3),
       (11425, '도시수재해공학', 3),
       (11963, 'AI기반건설환경데이터분석', 3),
       (7664, '수질관리', 3),
       (9618, '환경공학개론', 3),
       (9815, '기상대기과학', 3),
       (11434, '환경정보공학', 3),
       (3989, '환경화학', 3),
       (11436, '환경해양학', 3),
       (10902, '졸업논문연구', 3),
       (7738, '토양지하수환경학', 3),
       (9638, '환경에너지전문가과정연습', 3),
       (6486, '로보틱스', 3),
       (7465, '연소공학개론', 3),
       (9193, '시스템해석', 3),
       (9850, '종합설계A', 3),
       (6886, '시뮬레이션시스템설계', 3),
       (7164, '응용공기역학및설계', 3),
       (7268, '항법전자시스템설계', 3),
       (8115, '로켓공학및설계', 3),
       (9249, '항공우주공학연구1', 3),
       (9835, '종합설계1', 3),
       (10922, '자율비행체시스템설계2', 3),
       (5217, '재료열역학1', 3),
       (6682, '결정구조및X-선회절', 3),
       (2641, '일반물리학2', 3),
       (7160, '전기전자공학', 3),
       (9196, '공학기초설계실험', 3),
       (11917, 'AI재료열역학1', 3),
       (5650, '고체물리', 3),
       (6683, '확산및상변태', 3),
       (10079, '금속과세라믹기초설계및실험', 3),
       (264, '고분자화학', 3),
       (5918, '반도체재료', 3),
       (7315, '기초물리화학', 3),
       (8495, '에너지재료', 3),
       (9837, '바이오재료공학', 3),
       (6314, '박막공학', 3),
       (6686, '재료분석학', 3),
       (7274, '고분자합성', 3),
       (7460, '초미립소재학', 3),
       (7461, '자성체재료', 3),
       (9017, '산학협동강좌1', 3),
       (9020, '반도체나노소자', 3),
       (10081, '나노신소재창의연구1(종합설계)', 3),
       (787, '기초역학', 3),
       (4714, '열역학', 3),
       (6889, '기계제도및CAD', 3),
       (7620, '기초설계', 3),
       (6312, '기계제작법', 3),
       (5233, '유체기계', 3),
       (6492, '재료거동학', 3),
       (6891, '기계진동학', 3),
       (7698, '응용기계설계', 3),
       (6164, '무인항공기설계1', 3),
       (11073, '모의비행실습2', 2),
       (11574, '지구자원시스템개론', 3),
       (8141, '석유가스공학개론', 3),
       (9541, '전산프로그래밍및실습', 3),
       (10916, '위성원격탐사개론및실습', 3),
       (11796, '지구시스템의이해', 3),
       (11798, '기초역학개론', 3),
       (6657, '지질공학및실습', 3),
       (9540, '이산자료처리및실습', 3),
       (9565, '선광제련공학개론', 3),
       (11392, '핵심광물융합탐사', 3),
       (8163, '환경지구화학', 3),
       (10908, '화약발파및터널굴착설계', 3),
       (11941, '지오빅데이터활용', 3),
       (8991, '원자및핵물리', 3),
       (11390, '원자력공학개론1', 3),
       (9568, '원자로열역학', 3),
       (10924, '양자공학개론', 3),
       (9002, '원자로열수력학', 3),
       (9571, '방사선계측및실험', 3),
       (9846, '원자력발전소구조해석', 3),
       (10929, '원자로해석실무', 3),
       (10930, '원자로동역학및보호계통', 3),
       (12019, '미래형원전재료', 3),
       (9590, '원자력안전과물리적방호', 3),
       (11360, '우주항공입문', 3),
       (4510, '고체역학', 3),
       (6885, '비행동역학', 3),
       (4715, '진동학', 3),
       (4756, '압축성유체역학', 3),
       (7054, '우주궤도역학', 3),
       (10662, '메카트로닉스종합설계', 3),
       (11352, '항공우주AI기초', 3),
       (6770, '전기전자공학개론', 3),
       (11406, '항공우주제도및CAD', 3),
       (11829, '자율비행체공학개론', 3),
       (8764, '군사학개론', 3),
       (11378, '비행기초역학1', 3),
       (9530, '관숙비행', 1),
       (9532, '비행역학', 3),
       (11067, '모의비행이론및실습', 3),
       (11070, '항공안전관리론', 3),
       (11369, '우주기술운용체계1', 3),
       (8920, '해전사', 3),
       (10211, '장교직무교육세미나1', 0),
       (10936, '해양체육', 1),
       (4508, '디지털시스템및실험', 3),
       (8766, '군대윤리', 3),
       (10213, '장교직무교육세미나3', 0),
       (8768, '선형대수와시스템이론', 3),
       (10215, '장교직무교육세미나5', 0),
       (10932, '고급프로그래밍언어', 3),
       (8922, '무기체계공학', 3),
       (10217, '장교직무교육세미나7', 0),
       (8929, '로봇공학', 3),
       (9207, '전자전', 3),
       (10939, '통신공학', 3),
       (806, '기초한국화1', 2),
       (5681, '기초회화1', 2),
       (4120, '기초소묘', 2),
       (8659, '서양미술사1', 2),
       (773, '기초서양화1', 3),
       (9543, '인물화', 3),
       (1798, '수묵화', 2),
       (2398, '유화기법1', 2),
       (3561, '한국미술사', 2),
       (5105, '컴퓨터드로잉1', 2),
       (11236, '공간연구', 2),
       (2390, '유화1', 3),
       (4127, '한국화1', 3),
       (1643, '서.현대회화', 2),
       (3810, '현대미술론', 2),
       (4129, '한.현대회화', 2),
       (7843, '미술교과교육론', 3),
       (12021, '멀티미디어와회화', 2),
       (1629, '서.종합실기1', 3),
       (4747, '한.종합실기1', 3),
       (1634, '서.종합실기3', 2),
       (4748, '한.종합실기3', 2),
       (5624, '사진과회화', 1),
       (8505, '기초패턴설계', 3),
       (8506, '패션디자인', 3),
       (10942, '텍스타일캡스톤디자인', 3),
       (4466, '서양복식사', 3),
       (4744, '모델드로잉', 3),
       (10943, '고급패턴종합설계', 3),
       (10948, '패션과색채', 3),
       (8513, '고급패션드레이핑', 3),
       (7845, '의상교과교육론', 3),
       (10946, '기초니트종합설계', 3),
       (10947, '디지털패션종합설계', 3),
       (9941, '창작패턴종합설계', 3),
       (10015, '패션소재기획종합설계', 3),
       (10016, '패션컬렉션종합설계', 3),
       (2894, '전공실기1', 1),
       (4134, '연주1', 2),
       (10640, '오케스트라및앙상블1', 3),
       (10949, '기초악전및컴퓨터사보', 3),
       (1045, '딕션1', 2),
       (3647, '합창1', 1),
       (7140, '현악합주1', 2),
       (7427, '관악합주1', 2),
       (7706, '피아노교수법', 3),
       (9471, '체임버뮤직1', 3),
       (9482, '시창청음1', 3),
       (2112, '연주3', 2),
       (2902, '전공실기3', 1),
       (3464, '피아노문헌1', 3),
       (9469, '딕션3', 2),
       (4135, '합창3', 1),
       (7424, '현악합주3', 2),
       (7678, '관악합주3', 2),
       (9473, '체임버뮤직3', 3),
       (9479, '화성법및대위법1', 3),
       (9750, '레코딩실습1', 2),
       (9754, '리듬연구', 3),
       (9928, '컴퓨터음악2', 2),
       (10642, '오케스트라및앙상블3', 3),
       (2907, '전공실기5', 1),
       (4137, '합창5', 1),
       (4139, '연주5', 2),
       (1738, '성악문헌1', 3),
       (2455, '음악사1', 3),
       (7679, '현악합주5', 2),
       (7785, '관악합주5', 2),
       (7846, '음악교과교육론', 3),
       (9475, '체임버뮤직5', 3),
       (9486, '관현악문헌', 3),
       (10645, '오케스트라및앙상블5', 3),
       (2432, '음악분석', 3),
       (2911, '전공실기7', 1),
       (7789, '현악합주7', 2),
       (8187, '관악합주7', 2),
       (9477, '체임버뮤직7', 3),
       (9484, '오페라워크샾1', 1),
       (9760, 'DJing', 3),
       (9930, '반주문헌1', 3),
       (10394, '연주7', 2),
       (10643, '오케스트라및앙상블7', 3),
       (3220, '체육원리', 3),
       (10952, '기초종목실기', 2),
       (11094, '운동과건강', 3),
       (2552, '인체해부학', 3),
       (6902, '체육철학', 3),
       (3224, '체육측정평가', 3),
       (10953, '구기스포츠', 2),
       (2329, '운동생리학', 3),
       (3218, '체육심리학', 3),
       (1844, '스포츠특강1', 2),
       (6900, '레저스포츠1', 2),
       (7847, '체육교과교육론', 3),
       (5765, '졸업시험(P/NP)', 0),
       (7384, '스포츠마케팅', 3),
       (4337, '코우치학', 3),
       (6903, '스포츠과학실험법', 3),
       (10958, '스포츠재활', 3),
       (3768, '현대무용기본1', 2),
       (4495, '발레테크닉1', 1),
       (4497, '워크샵1', 1),
       (5656, '발레레파토리1', 1),
       (7217, '발레기초1', 2),
       (8823, '모던댄스1', 1),
       (8827, '한국전통무용기교훈련1', 1),
       (8829, '한국창작무용기교훈련1', 1),
       (8902, '한국전통무용기본1', 2),
       (7550, '전통타악실기', 2),
       (4736, '발레테크닉3', 1),
       (4738, '워크샵3', 1),
       (5657, '발레레파토리3', 1),
       (8825, '모던댄스3', 1),
       (8834, '전통춤기교실습1', 1),
       (8836, '창작춤기교실습1', 1),
       (4894, '즉흥', 2),
       (8843, '한국무용표현법', 2),
       (10270, '발레사', 2),
       (5660, '고급현대무용1', 1),
       (8838, '발레테크닉5', 1),
       (8849, '컨템포러리댄스1', 1),
       (8853, '한국전통무용안무1', 1),
       (8855, '한국창작무용안무1', 1),
       (8868, '발레레파토리5', 1),
       (8857, '춤과미디어', 2),
       (8858, '한국무용창작기법', 2),
       (9226, '컨템포러리발레1', 1),
       (9228, '발레워크샵1', 2),
       (10967, '무용교수학습방법', 3),
       (5661, '고급현대무용3', 1),
       (8840, '발레테크닉7', 1),
       (8851, '컨템포러리댄스3', 1),
       (8864, '한국전통무용작품분석1', 1),
       (8866, '한국창작무용작품분석1', 1),
       (8870, '발레레파토리7', 1),
       (1206, '무용미학', 2),
       (8872, '무용표현심리학', 2),
       (9230, '캐릭터발레1', 1),
       (5627, '영화개론', 3),
       (7034, '무대매커니즘1', 2),
       (8673, '스토리텔링', 2),
       (8674, '영상표현기초', 1),
       (8675, '연극의이해', 2),
       (9976, '기초연기1(근육과감각훈련)', 3),
       (9977, '개별창의연구1', 0),
       (10970, '호흡과발성1', 2),
       (4522, '작품분석', 2),
       (6171, '촬영조명1', 3),
       (7285, '세계연극사', 2),
       (10054, '텍스트와연기실습1', 3),
       (10056, '공연프로덕션실습1', 0),
       (6174, '영화제작WS1', 2),
       (8692, '뮤지컬넘버플레이1', 2),
       (10053, '편집', 2),
       (10972, '신체언어훈련1', 2),
       (4725, '다큐영화제작', 2),
       (8687, '동양영화사', 2),
       (4732, '영화제작WS3', 2),
       (7848, '연극영화교과교육론', 3),
       (8686, '매체연기실습1', 2),
       (8700, '영화기술고급', 2),
       (10058, '연기실습콜라보레이션1', 3),
       (6177, '영화제작WS5', 2),
       (8695, '장편영화기획', 3),
       (8696, '공연제작Project1', 3),
       (10059, '영화장르연구', 3),
       (10061, '다중매체연기연구', 2),
       (3706, '행정법1', 3),
       (9607, '형사소송법', 3),
       (8724, '노동법', 3),
       (8732, '금융법', 3),
       (12046, 'LEET추리논증연습1', 3),
       (8726, '불법행위법', 3),
       (11204, '공정거래법', 3),
       (12043, 'LEET언어이해연습1', 3),
       (10704, '디지털필름메이킹1', 3),
       (11229, '모션그래픽스1:원리', 3),
       (11231, '3D모션디자인', 3),
       (10727, '영상디자인스튜디오1', 3),
       (12010, '문화축제기획프로젝트', 3),
       (12038, '인공지능과스토리텔링', 3),
       (11998, '미디어문화와플랫폼', 3),
       (10999, '대중문화연구', 3),
       (10748, '럭셔리브랜드큐레이션', 3),
       (11007, '가죽제품설계', 3),
       (11010, '럭셔리브랜드스튜디오', 3),
       (10782, '퍼포밍아트1(무대디자인과제작)', 3),
       (11020, '융합캡스톤디자인4', 3),
       (11970, 'GMSW-AI영상편집', 3),
       (10504, 'GMSW-미디어네트워크분석', 3),
       (10483, 'GMSW-글로벌시장과일본문화콘텐츠', 3),
       (10605, '디자인씽킹', 3),
       (12050, '창업재무', 3),
       (10977, '창업마케팅', 3),
       (10981, '실전창업동아리3', 3),
       (11029, 'BA 빅데이터통계분석론', 3),
       (11076, '인공지능기초수학', 3),
       (11113, '빅데이터로보는세상', 3),
       (9715, 'ES-문화예술과ICT', 3),
       (12052, 'ES-인공지능과디지털아트', 3),
       (9730, 'ES-창업을위한디지털패션디자인', 3),
       (11222, '시스템생명공학캡스톤디자인Ⅰ', 3),
       (10113, 'SM-소셜미디어개론', 3),
       (10114, 'SM-소셜미디어마케팅', 3),
       (10120, 'SM-소셜웹프로그래밍', 3),
       (10629, 'ST-데이터분석및시각화', 3),
       (11101, '문화현장실습', 3),
       (11213, '예술융합캡스톤디자인', 6),
       (11121, '금융보험애널리틱스2', 3),
       (11901, '지능사물인터넷개론', 3),
       (11990, '지능IoT플랫폼', 3),
       (12027, '사물강화학습', 3);

DELETE
FROM gonghak_course;
INSERT INTO gonghak_course (course_id, major_id, "year", course_category_const, pass_category,
                            design_credit)
VALUES (9067, 1, 25, '전문교양', '인필', 0),
       (11300, 1, 25, 'MSC', '인필', 0),
       (1357, 1, 25, 'MSC', '인필', 0),
       (7330, 1, 25, 'MSC', '인필', 0),
       (9912, 1, 25, 'MSC', '인필', 0),
       (11304, 1, 25, '전문교양', '인필', 0),
       (9068, 1, 25, '전문교양', '인필', 0),
       (304, 1, 25, 'MSC', '인필', 0),
       (11320, 1, 25, 'MSC', '인필', 0),
       (9913, 1, 25, 'MSC', '인필', 0),
       (11678, 1, 25, 'MSC', '인필', 0),
       (307, 1, 25, '전공', '인선', 0),
       (4268, 1, 25, '전공', '인선', 0),
       (4114, 1, 25, '전공', '인선', 0),
       (8621, 1, 25, '전공', '인선', 0),
       (5611, 1, 25, '전공', '인선', 0),
       (11307, 1, 25, '전문교양', '인선', 0),
       (11305, 1, 25, '전문교양', '인선', 0),
       (11313, 1, 25, '전문교양', '인선', 0),
       (11312, 1, 25, '전문교양', '인선', 0),
       (11317, 1, 25, '전문교양', '인선', 0),
       (11319, 1, 25, '전문교양', '인선', 0),
       (5246, 1, 25, '전공', '인선', 0),
       (7620, 1, 25, '전공', '인필', 3),
       (7453, 1, 25, '전공', '인선', 0),
       (4474, 1, 25, '전공', '인선', 0),
       (9649, 1, 25, '전공', '인선', 0),
       (4600, 1, 25, '전공', '인선', 0),
       (2505, 1, 25, '전공', '인선', 0),
       (4699, 1, 25, '전공', '인선', 0),
       (7235, 1, 25, '전공', '인선', 0),
       (4475, 1, 25, '전공', '인선', 0),
       (8076, 1, 25, '전공', '인선', 0),
       (3284, 1, 25, '전공', '인선', 0),
       (6132, 1, 25, '전공', '인선', 0),
       (7722, 1, 25, '전공', '인선', 0),
       (10111, 1, 25, '전공', '인선', 0),
       (9654, 1, 25, '전공', '인선', 0),
       (6562, 1, 25, '전공', '인선', 0),
       (6558, 1, 25, '전공', '인선', 0),
       (9655, 1, 25, '전공', '인선', 0),
       (9666, 1, 25, '전공', '인선', 0),
       (9662, 1, 25, '전공', '인선', 2),
       (7585, 1, 25, '전공', '인선', 2),
       (9663, 1, 25, '전공', '인선', 2),
       (9947, 1, 25, '전공', '인선', 3),
       (4102, 1, 25, '전공', '인선', 0);

DELETE
FROM abeek;
INSERT INTO abeek (major_id, "year", abeek_type, min_credit)
VALUES (1, 25, 0, 14), -- 전문교양
       (1, 25, 2, 27), -- MSC
       (1, 25, 3, 45), -- 전공
       (1, 25, 4, 9); -- 설계
